{"0": 0.918820858001709, "1": 2.1457672119140625e-06, "2": 4.76837158203125e-06, "7": 1.8358230590820312e-05, "8": 2.7894973754882812e-05, "9": 9.5367431640625e-07, "10": 0.0, "11": 0.0008141994476318359, "12": 0.00010800361633300781, "13": 9.5367431640625e-07, "14": 0.025634050369262695, "15": 0.0055370330810546875, "16": 0.00010800361633300781, "30": 2.1457672119140625e-06, "32": 4.076957702636719e-05, "34": 0.0, "36": 0.0007996559143066406, "37": 0.03940939903259277, "18": 0.0025177001953125, "19": 0.0001666545867919922, "20": 0.32634401321411133, "21": 0.00028824806213378906, "22": 0.20508837699890137, "23": 0.02032637596130371, "24": 0.562861442565918, "25": 0.1693875789642334, "26": 0.024433135986328125, "38": 0.0015947818756103516, "39": 0.0010676383972167969, "40": 9.5367431640625e-07}