{"0": 0.8599410057067871, "1": 1.9073486328125e-06, "2": 1.9073486328125e-06, "7": 1.621246337890625e-05, "8": 1.7881393432617188e-05, "9": 0.0, "10": 0.0, "11": 0.0007290840148925781, "12": 0.00010204315185546875, "13": 1.1920928955078125e-06, "14": 0.024538755416870117, "15": 0.005252838134765625, "16": 6.389617919921875e-05, "30": 9.5367431640625e-07, "32": 3.218650817871094e-05, "34": 0.0, "36": 0.0030083656311035156, "37": 0.14412832260131836, "18": 0.010455846786499023, "19": 0.0007755756378173828, "20": 1.2361910343170166, "21": 0.0009937286376953125, "22": 0.8129668235778809, "23": 0.061632633209228516, "24": 2.1761531829833984, "25": 0.6198270320892334, "26": 0.10041475296020508, "38": 0.0048754215240478516, "39": 0.00341033935546875, "40": 1.1920928955078125e-06}